{"1": 2049.2549019607845, "2": 2154.8865979381444, "3": 2200.2526315789473, "4": 2375.2727272727275}